0,Aakash,5674835423,a@hdhj.com
1,Aashif,8975647382,ah@jf.com
2,Abhinand,6574834253,ab@gmail.com
3,Arank Miller,3334445555,frank@example.com
4,Arun,3546785907,arunog@gmail.com
5,Bob Johnson,1112223333,bob@company.com
6,Carol White,4445556666,carol@company.com
7,David Brown,7778889999,david@example.com
8,Gaavi,7658493523,ss@hamk.com
9,Grace Wilson,2223334444,grace@example.com
10,Gve Davis,6665554444,eve@example.com
11,Hannah Clark,5556667777,hannah@example.com
12,Ian Lewis,8889990000,ian@example.com
13,sanee,7856478392,sa@gmail.com
14,Arun,5463728342,aa@hs.com
15,Jacob Thomas,9876543210,jacob@gmail.com
16,Meera Nair,9123456789,meera@outlook.com
17,hashim amla,8769056435,amla@gmail.com
18,vaishnav,6574897645,v@hjds.com
19,mouli,2345678901,sr@k.com
20,mouli,8765432109,mouli@gmail.com
21,Saneen,7564387654,san@gmail.com
